721112672833372250,sasher_,Sarina,Sarina
724661237421703280,boldrocket,no,Not registered
690052425104883760,kakakte,kato,Kate
1035595975282139197,jomel3two,Jomel,Jomel
1025963906314797066,ae._.300,no,Jomel
1112434984494583960,svet4335,no,Not registered
727941759010603029,joe_college,Joey,Joey
458422337650556928,ilonawhite,no,Ilona
1102996209431498852,schrodersnoss,no,Not registered
1113080502379884554,czkcool,no,Not registered
932477222776889364,lee_thal,Alison,Alison
328009863634354177,kentseito,Bethany,Bethany
755435602207309824,minervatree,Emily 馃尩,Emily
392098882479456259,_logn,no,Logan
727927225944375338,Cozmik,no,Ryan
235148962103951360,Carl-bot,Carl,Carl
1148756415326986270,pan3ra_23466,no,Not registered
1201692161381240853,peachiefknkeen,Amanda,Amanda
368105370532577280,Zapier,no,Not registered
224715981430325249,brianl__,bian,Brian
495366898192482325,spaceshipearth,馃尰Savannah馃尰,Savannah
165926141964582913,haydenisme,no,Not registered
1194777751186575480,aakashgoyal33,no,Not registered
522051042851160075,mrugank55,no,Not registered
339871881295298590,termorganator,Moregen,Morgan
762419663975219221,andresv3983,no,Not registered
746063534668120246,akshay0_0,no,Akshay
367524396488982530,apuppy0041,no,Not registered
1033618375722680380,StephaYee,no,Not registered
598369498151518229,varx13,Oscar V,Oscar
288181223556382720,hermesv,Wilson,Wilson
1004954441121792021,Kieren Hatch,no,Kieren
591889522384437258,jammuuu.,no,Not registered
402181332643479563,crummykracker,Ean,Ean
749013733841305611,whoneedsthumbs,Someone,Not registered
927734855880560680,rigotonii,no,Rigo
706732201232039979,colja23,jay jay,Jaden
1148087576838799412,mgcousin,no,Not registered
883393543194935337,aye.bee.sea,no,Not registered
289818843495268363,jackattack7777,jackquack,Jack
699422174124965928,molly2206,no,Molly
1195758121335914626,emma01069,no,Emma
689997012292206632,dandan7849,no,Not registered
943168884054315078,avery.rol0_0,Avery :-),Avery
734939167485853726,brandino4023,Brent,Brent
220215723606147073,sidzzz,Sid,Sid
609619072904331264,notadilf,Jonathan,Jonathan
334896475542650890,ge8rge,no,Not registered
868657604803579905,zachyb3764,Zach,Zach
201810426864861184,zyp,no,Not registered
1111707142676824204,cheryl7844,no,Cheryl
154273792657457152,snealbeal,no,Not registered
276887200749191168,kulara.,Mike,Mike
1111735425288114266,JeanJean,no,Not registered
449684297650012161,rainbowmoon20,Vivian,Vivien
489376764200615936,attachoi,Justin,Justin
482943354242334730,allstate_,Called it Caleb,Caleb
529000047828795393,eggplnatt,evan,Evan
663991554746351647,nickmarta,no,Nick
412051129493618689,eventhestevens,Michael Bencomo,Micheal
1122592680300527656,lorimusico,no,Not registered
377138549163687937,smoke16397,Sumukh,Sumukh
1015089510155030548,zoeyfreeman.,no,Zoey
474132254545805334,beckmo,no,Not registered
685340365468729376,oivy18,no,Ivy
930968712998191195,ishan1575,no,Not registered
251062392719540225,a_capybara,David,David
1024179660243861514,soyfuego_,no,Not registered
725679923573817406,albert_0303,no,Not registered
1112846966104268865,Debi,no,Debi
361286910775132162,.wta,Wi庭ls停o瞳n,Wilson
978494653663969291,squidlyboy,ben,Ben
728844044633112627,sonoranfox,sonoran,Sonoran
644338341810143242,knewt17,Kevin N. Geary,Kevin
544723809165377536,jeremylevi,Jeremy,Jeremy
682339590161301653,kqtpie,Kylie Kyles,Kylie
839922100767555604,Seratte,no,Hannah
172159212338544641,atoxe,fransusco,Francisco
1156764596888158359,arnavgupta11,no,Not registered
1154534485749137509,Dragonbot,no,Not registered
1007852270660100116,frostedsnow.,rohan,Rohan
1039987385255075860,jack barron,no,Jack
189386998690217984,professorbalding,no,Not registered
730778862203437068,Mr Poll,no,Not registered
671551763144376344,orangespace,Lihong,Lihong
712470090716676117,eira3854,Madeline,Madeline
734981956135157880,yellowdolfin,no,Not registered
412347780841865216,Jockie Music (3),no,Not registered
341704920506040330,thighconsumer,Ezekiel,Ezekiel
930686478844059688,britknee1007,no,Brittany
167467651906535424,noot_snoot,nina,Nina
450731928719589396,queenie315,Queena,Queena
726934388528513075,micholasmouselas,Micayla,Micayla
1174922677828468740,nathalie324,no,Not registered